{
	"title": "Famous Quotes",
	"data": [
		{
			"author": "Nelson Mandela",
			"quote": "The greatest glory in living lies not in never falling, but in rising every time we fall."
		},
		{
			"author": "Walt Disney",
			"quote": "The way to get started is to quit talking and begin doing."
		},
		{
			"author": "Eleanor Roosevelt",
			"quote": "If life were predictable it would cease to be life, and be without flavor"
		},
		{
			"author": "John Lennon",
			"quote": "Life is what happens when you're busy making other plans."
		},
		{
			"author": "Margaret Mead",
			"quote": "Always remember that you are absolutely unique. Just like everyone else."
		},
		{
			"author": "Benjamin Franklin",
			"quote": "Tell me and I forget. Teach me and I remember. Involve me and I learn."
		},
		{
			"author": "Aristotle",
			"quote": "It is during our darkest moments that we must focus to see the light."
		},
		{
			"author": "Anne Frank",
			"quote": "Whoever is happy will make others happy too."
		},
		{
			"author": "Tony Robbins",
			"quote": "The only impossible journey is the one you never begin."
		}
	]
}
