
{
	"imports": {
		"asserts": "https://deno.land/std@0.130.0/testing/asserts.ts",
		"bcrypt": "https://deno.land/x/bcrypt@v0.3.0/mod.ts",
		"oak": "https://deno.land/x/oak@v10.4.0/mod.ts",
		"bb64": "https://deno.land/x/bb64@1.1.0/mod.ts",
		"mediaTypes": "https://deno.land/x/media_types/mod.ts",
		"md5": "https://deno.land/std@0.129.0/hash/md5.ts",
		"mysql": "https://deno.land/x/mysql@v2.10.2/mod.ts",
		"statusCodes": "https://deno.land/std@0.130.0/http/http_status.ts",
		"superOak": "https://deno.land/x/superoak@4.7.0/mod.ts",
		"accounts": "./api/modules/accounts.js",
		"db": "./api/modules/db.js",
		"middleware": "./api/middleware.js",
		"routes": "./api/routes.js",
		"util": "./api/modules/util.js"
	}
}
